City,Lat,Lng,Max Temp,Humidity,Cloudiness,Wind Speed,Country,Date
Avarua,-21.21,-159.78,69.8,88,100,3.36,CK,1603823838
Provideniya,64.38,-173.3,28.98,96,97,4.52,RU,1603823840
Murgab,37.5,61.97,55.4,50,0,9.17,TM,1603823842
Geraldton,-28.77,114.6,60.8,77,40,8.05,AU,1603823844
Busselton,-33.65,115.33,60.01,74,66,9.78,AU,1603823846
Cherskiy,68.75,161.3,9.36,94,97,7.65,RU,1603823849
Nikolskoye,59.7,30.79,53.6,76,75,8.95,RU,1603823851
Mount Isa,-20.73,139.5,68.0,18,0,14.99,AU,1603823808
Puerto Escondido,15.85,-97.07,80.6,69,90,4.85,MX,1603823595
Saint-Philippe,-21.36,55.77,75.2,73,20,3.36,RE,1603823857
Mataura,-46.19,168.86,42.01,94,18,1.66,NZ,1603823859
Arraial do Cabo,-22.97,-42.03,82.4,69,0,13.87,BR,1603823861
Iqaluit,63.75,-68.51,14.0,78,40,5.82,CA,1603823806
Kapaa,22.08,-159.32,73.99,83,90,5.82,US,1603823866
Kasongo-Lunda,-6.47,16.82,73.11,91,33,1.92,CD,1603823868
Cape Town,-33.93,18.42,66.0,77,20,8.05,ZA,1603823870
Okahandja,-21.98,16.92,81.03,23,100,4.92,NA,1603823872
Avarua,-21.21,-159.78,69.8,88,100,3.36,CK,1603823838
Provideniya,64.38,-173.3,28.98,96,97,4.52,RU,1603823840
Murgab,37.5,61.97,55.4,50,0,9.17,TM,1603823842
Geraldton,-28.77,114.6,60.8,77,40,8.05,AU,1603823844
Busselton,-33.65,115.33,60.01,74,66,9.78,AU,1603823846
Cherskiy,68.75,161.3,9.36,94,97,7.65,RU,1603823849
Nikolskoye,59.7,30.79,53.6,76,75,8.95,RU,1603823851
Mount Isa,-20.73,139.5,68.0,18,0,14.99,AU,1603823808
Puerto Escondido,15.85,-97.07,80.6,69,90,4.85,MX,1603823595
Saint-Philippe,-21.36,55.77,75.2,73,20,3.36,RE,1603823857
Mataura,-46.19,168.86,42.01,94,18,1.66,NZ,1603823859
Arraial do Cabo,-22.97,-42.03,82.4,69,0,13.87,BR,1603823861
Iqaluit,63.75,-68.51,14.0,78,40,5.82,CA,1603823806
Kapaa,22.08,-159.32,73.99,83,90,5.82,US,1603823866
Kasongo-Lunda,-6.47,16.82,73.11,91,33,1.92,CD,1603823868
Cape Town,-33.93,18.42,66.0,77,20,8.05,ZA,1603823870
Okahandja,-21.98,16.92,81.03,23,100,4.92,NA,1603823872
Puerto Ayora,-0.74,-90.35,75.2,73,75,14.99,EC,1603823874
Hofn,64.25,-15.21,36.59,82,100,19.19,IS,1603823987
Dikson,73.51,80.55,11.43,96,99,17.11,RU,1603823990
Hithadhoo,-0.6,73.08,83.68,67,81,8.97,MV,1603823794
Neijiang,29.58,105.06,59.41,85,100,8.86,CN,1603823996
Malartic,48.13,-78.13,30.0,58,75,9.17,CA,1603823962
Udachny,66.42,112.4,-9.63,89,76,3.85,RU,1603823824
Muravlenko,63.79,74.52,3.36,94,0,12.55,RU,1603823838
Hasaki,35.73,140.83,54.0,93,40,6.93,JP,1603823814
Radomsko,51.07,19.44,54.0,10,100,55.99,PL,1603824011
Barrow,71.29,-156.79,30.2,80,75,13.87,US,1603824015
Dakar,14.69,-17.44,87.8,66,0,2.24,SN,1603824018
East London,-33.02,27.91,68.0,94,0,4.7,ZA,1603824021
Siavonga,-16.54,28.71,85.86,35,0,8.84,ZM,1603824024
Butaritari,3.07,172.79,81.12,67,100,6.6,KI,1603824027
Kruisfontein,-34.0,24.73,62.01,93,0,6.4,ZA,1603824031
Brandenburg,52.42,12.55,51.01,10,100,10.76,DE,1603824034
San Juan,-31.54,-68.54,92.64,10,1,19.1,AR,1603823956
Vostok,46.49,135.88,29.84,95,100,3.44,RU,1603823584
Sirtich,41.83,48.23,56.44,78,99,5.91,RU,1603824043
Hobart,-42.88,147.33,48.2,100,75,4.7,AU,1603823818
Lüderitz,-26.65,15.16,59.54,72,74,11.14,NA,1603823870
Stokmarknes,68.56,14.91,42.8,86,0,5.82,NO,1603824053
George Town,5.41,100.34,80.6,83,20,5.77,MY,1603824056
Hilo,19.73,-155.09,77.0,78,20,4.7,US,1603823903
Kwinana,-32.25,115.77,64.99,100,75,9.84,AU,1603824062
New Norfolk,-42.78,147.06,46.99,85,85,1.88,AU,1603823947
Horki,54.29,30.98,46.62,81,0,11.79,BY,1603824068
Yellowknife,62.46,-114.35,17.6,67,75,12.75,CA,1603823823
Olafsvik,64.89,-23.71,39.7,71,100,19.04,IS,1603823620
Korla,41.76,86.15,43.16,55,0,3.98,CN,1603823769
Hermanus,-34.42,19.23,63.0,90,100,3.0,ZA,1603824081
Maceió,-9.67,-35.74,82.4,74,75,17.22,BR,1603823592
Pineville,31.32,-92.43,84.2,73,75,8.05,US,1603823930
Quatre Cocos,-20.21,57.76,71.01,76,0,1.99,MU,1603823813
The Valley,18.22,-63.06,84.2,94,75,8.05,AI,1603824093
Chumikan,54.72,135.31,37.44,80,100,14.29,RU,1603824033
Calbe,51.9,11.77,50.0,80,100,5.01,DE,1603824099
Mount Gambier,-37.83,140.77,46.4,93,40,5.66,AU,1603823955
Cabo San Lucas,22.89,-109.91,82.99,61,5,6.93,MX,1603823957
Saint George,37.1,-113.58,54.0,11,1,4.7,US,1603823946
Tasiilaq,65.61,-37.64,33.8,47,75,11.41,GL,1603823948
Khajuraho,24.85,79.93,71.78,34,0,0.98,IN,1603824115
Norman Wells,65.28,-126.83,19.4,85,75,11.41,CA,1603824118
Margate,51.38,1.39,54.0,94,36,3.0,GB,1603823822
Morondava,-20.28,44.28,78.69,66,0,12.64,MG,1603824124
Albany,42.6,-73.97,52.0,57,100,4.61,US,1603823569
Rikitea,-23.12,-134.97,75.25,84,100,16.73,PF,1603824131
São Filipe,14.9,-24.5,81.75,70,100,8.68,CV,1603824134
Katsuura,35.13,140.3,60.8,72,20,8.05,JP,1603824137
Ushuaia,-54.8,-68.3,46.4,42,40,16.11,AR,1603823947
Banda Aceh,5.56,95.32,79.63,76,45,12.8,ID,1603824143
Baculin,7.45,126.58,78.22,80,98,5.39,PH,1603824146
Cidreira,-30.18,-50.21,67.89,71,86,12.95,BR,1603824123
Narsaq,60.92,-46.05,32.0,97,75,2.24,GL,1603824152
Hong Kong,22.29,114.16,77.0,76,53,1.01,HK,1603823718
Port Alfred,-33.59,26.89,68.68,88,0,3.91,ZA,1603823938
Bathsheba,13.22,-59.52,87.8,70,40,21.92,BB,1603823810
Robertsport,6.75,-11.37,81.46,80,100,7.72,LR,1603823776
Pevek,69.7,170.31,21.6,97,100,17.34,RU,1603824168
Faya,18.39,42.45,66.2,17,0,9.17,SA,1603824171
Jamestown,42.1,-79.24,46.99,75,90,8.05,US,1603824015
Saint Paul Harbor,57.79,-152.41,42.8,60,1,3.36,US,1603823931
Chui,-33.7,-53.46,62.19,92,100,15.46,UY,1603823960
Marsh Harbour,26.54,-77.06,82.44,74,0,11.3,BS,1603824184
Punta Arenas,-53.15,-70.92,51.8,40,40,20.8,CL,1603824124
Lake Charles,30.21,-93.2,84.2,69,75,8.05,US,1603823976
Cascais,38.7,-9.42,64.0,93,75,3.36,PT,1603824193
Alma,48.55,-71.65,30.99,58,75,6.93,CA,1603824196
Ponta do Sol,32.67,-17.1,68.0,64,40,6.93,PT,1603824199
Grand Gaube,-20.01,57.66,71.01,76,0,1.99,MU,1603823809
Buluang,13.31,123.34,77.34,83,95,2.82,PH,1603824205
Jalu,29.03,21.55,76.12,34,58,10.09,LY,1603824209
Avera,33.19,-82.53,77.0,69,1,3.36,US,1603824099
Uvinza,-5.1,30.39,70.68,80,100,0.81,TZ,1603824215
Katobu,-4.94,122.53,74.64,86,100,2.21,ID,1603824032
Shimoda,34.67,138.95,53.01,82,2,1.01,JP,1603824221
Santa Rosa,14.31,121.11,81.0,83,20,2.24,PH,1603824149
Ntungamo,-0.88,29.65,65.25,88,100,4.09,UG,1603824227
Altay,47.87,88.12,41.05,51,0,8.01,CN,1603824120
Puerto Ayacucho,5.66,-67.62,88.32,70,100,5.7,VE,1603823789
South Kazakhstan Region,43.0,68.0,33.57,75,0,9.19,KZ,1603824237
Tura,25.52,90.22,69.22,87,0,4.25,IN,1603824008
Isabela,6.71,121.97,75.2,94,90,2.24,PH,1603824243
North Port,27.04,-82.24,91.0,67,0,8.01,US,1603824236
Bengkulu,-3.8,102.27,75.65,84,94,4.81,ID,1603823793
Elko,41.0,-115.5,53.01,34,0,7.0,US,1603824252
Felipe Carrillo Puerto,19.58,-88.05,88.65,60,100,6.71,MX,1603824255
Bluff,-46.6,168.33,43.0,94,8,5.64,NZ,1603824259
Belen,36.49,36.22,73.4,27,0,8.05,TR,1603824262
Shulan,44.42,126.95,31.12,85,0,7.23,CN,1603824265
Makakilo City,21.35,-158.09,75.2,88,75,3.36,US,1603823802
Khatanga,71.97,102.5,1.71,93,99,12.95,RU,1603824271
Jackson,42.42,-122.83,48.2,34,1,1.03,US,1603824188
Bredasdorp,-34.53,20.04,64.4,72,100,5.82,ZA,1603824278
Cockburn Town,21.46,-71.14,86.0,66,40,13.87,TC,1603823700
Rawson,-43.3,-65.1,65.41,27,94,15.82,AR,1603823559
Linfen,36.09,111.52,52.79,74,100,2.66,CN,1603824287
Finschhafen,-6.6,147.87,79.56,76,99,5.06,PG,1603824290
Stanislav,46.57,32.15,55.4,87,75,11.18,UA,1603824293
Sokolo,14.73,-6.12,88.61,12,0,9.37,ML,1603824296
Faanui,-16.48,-151.75,79.95,82,100,18.14,PF,1603824001
Fairbanks,64.84,-147.72,27.0,100,90,4.7,US,1603824037
Payo,-3.75,103.64,72.77,91,96,1.7,ID,1603824306
Biak,-0.91,122.88,77.61,75,100,4.41,ID,1603824309
Tessalit,20.2,1.01,83.41,15,0,8.12,ML,1603824079
Lorengau,-2.02,147.27,80.38,73,100,1.39,PG,1603823795
Luwuk,-0.95,122.79,77.95,70,100,3.22,ID,1603824318
Bambous Virieux,-20.34,57.76,71.01,77,0,1.99,MU,1603824014
Hambantota,6.12,81.12,79.21,82,86,9.78,LK,1603824110
Green,40.95,-81.48,48.2,81,90,0.43,US,1603824328
Qaanaaq,77.48,-69.36,9.5,79,84,13.22,GL,1603824331
Itamaracá,-7.75,-34.83,84.2,66,40,13.87,BR,1603824334
Blackwater,-23.58,148.88,68.22,82,0,4.76,AU,1603824337
Rumuruti,0.27,36.54,63.48,70,75,8.21,KE,1603824341
Atuona,-9.8,-139.03,79.14,71,0,21.16,PF,1603824344
Kiknur,57.3,47.2,32.32,93,86,9.82,RU,1603824347
Viçosa do Ceará,-3.56,-41.09,86.5,41,92,9.53,BR,1603824350
Thompson,55.74,-97.86,26.6,68,75,4.7,CA,1603824353
Port Macquarie,-31.43,152.92,57.0,98,96,7.02,AU,1603824356
Lodja,-3.48,23.43,71.19,88,100,1.66,CD,1603824359
Lata,40.16,-8.33,61.0,92,100,1.99,PT,1603824082
Carnarvon,-24.87,113.63,68.0,88,0,20.8,AU,1603824366
Tabriz,38.08,46.29,55.4,37,24,4.7,IR,1603824209
Ascension,30.22,-90.9,82.4,74,90,5.82,US,1603824372
Constitución,-35.33,-72.42,57.09,70,24,8.95,CL,1603823750
Lompoc,34.64,-120.46,68.0,29,1,4.7,US,1603824329
Chokurdakh,70.63,147.92,11.23,97,100,0.74,RU,1603824104
Saskylakh,71.92,114.08,3.58,93,100,8.46,RU,1603824384
Vysha,53.85,42.38,36.61,82,100,6.55,RU,1603824387
Souillac,-20.52,57.52,71.01,77,16,1.01,MU,1603824390
Jiayuguan City,39.82,98.3,38.91,69,99,4.38,CN,1603824394
Tabou,4.42,-7.35,78.49,86,77,6.51,CI,1603824397
Tuatapere,-46.13,167.68,43.0,94,22,3.49,NZ,1603824400
Severo-Kuril'sk,50.68,156.12,42.89,85,16,6.85,RU,1603824403
Kasangulu,-4.59,15.17,75.79,85,98,3.53,CD,1603824406
Ribeira Grande,38.52,-28.7,64.4,63,40,2.24,PT,1603824409
Gorahun,7.47,-11.24,75.83,94,98,3.09,SL,1603824413
Middelburg,-25.78,29.46,68.86,55,2,6.46,ZA,1603824416
Batagay,67.63,134.63,6.39,94,95,2.86,RU,1603824419
Sawākin,19.11,37.33,83.14,73,8,2.01,SD,1603824422
Sol'-Iletsk,51.16,54.99,30.51,92,0,8.25,RU,1603824425
Okhotsk,59.38,143.3,28.15,82,0,8.43,RU,1603824428
Cayenne,4.93,-52.33,89.6,62,0,13.87,GF,1603824431
Kirishi,59.45,32.02,52.0,72,100,11.5,RU,1603824434
Asekeyevo,53.57,52.8,30.04,93,44,3.89,RU,1603824438
Kiryat Gat,31.61,34.76,78.01,100,0,4.9,IL,1603824425
Lima,-12.04,-77.03,69.01,77,75,4.7,PE,1603824444
Hailar,49.2,119.7,23.77,92,0,9.64,CN,1603824447
Peleduy,59.63,112.74,13.98,92,78,1.97,RU,1603824450
Saldanha,-33.01,17.94,62.6,82,100,8.05,ZA,1603824453
Lumut,4.23,100.63,77.86,87,82,5.59,MY,1603824456
Tessaoua,13.76,7.99,86.4,15,0,5.86,NE,1603824459
Ol'ga,43.74,135.29,41.22,81,59,3.0,RU,1603824463
Lamar,33.67,-95.58,48.0,100,90,8.05,US,1603824466
Longyearbyen,78.22,15.64,30.2,80,75,5.82,SJ,1603824469
Whitehorse,60.72,-135.05,32.0,89,75,5.82,CA,1603824472
Biu,10.61,12.19,76.78,30,0,3.49,NG,1603824475
Henties Bay,-22.12,14.28,59.0,86,0,4.0,NA,1603824478
Khovd,48.01,91.64,30.88,79,99,0.78,MN,1603824481
Catuday,16.29,119.81,78.75,86,100,10.07,PH,1603824485
College,64.86,-147.8,26.6,92,90,4.63,US,1603824488
Kayerkan,69.35,87.76,-1.97,86,0,5.21,RU,1603824491
Province of Trapani,37.83,12.67,66.0,59,75,11.41,IT,1603824494
La Trinitaria,16.12,-92.05,72.52,75,52,6.91,MX,1603824497
Gijang,35.24,129.21,55.4,76,100,3.36,KR,1603824500
Maridi,4.92,29.47,70.2,92,100,1.79,SS,1603824503
Kamaishi,39.27,141.88,51.01,72,29,4.83,JP,1603824262
Sorrento,40.63,14.37,60.8,63,75,8.05,IT,1603824508
Kahului,20.89,-156.47,80.6,69,20,1.54,US,1603824513
Enshi,30.3,109.48,57.96,82,100,1.83,CN,1603824516
Lebu,-37.62,-73.65,54.54,60,90,12.35,CL,1603824519
Maniitsoq,65.42,-52.9,21.99,87,0,5.95,GL,1603824522
Tuktoyaktuk,69.45,-133.04,10.4,92,90,11.41,CA,1603824525
Tilichiki,60.47,166.1,24.64,94,90,9.42,RU,1603824528
Japura,-0.32,102.35,74.75,95,100,2.66,ID,1603824531
Akranes,64.32,-22.07,42.8,41,0,20.8,IS,1603824534
Vaini,-21.2,-175.2,69.8,94,75,5.82,TO,1603824538
Kumul,42.8,93.45,45.1,47,0,7.72,CN,1603824541
Ballina,-28.87,153.57,62.6,100,90,5.82,AU,1603824544
Matara,5.95,80.54,77.2,89,90,6.24,LK,1603824547
Shalyhyne,51.57,34.12,48.52,66,64,11.61,UA,1603824550
Byron Bay,-28.65,153.62,62.6,100,90,5.82,AU,1603824325
Mar del Plata,-38.0,-57.56,66.2,52,0,11.41,AR,1603824556
Port Huron,42.97,-82.42,37.99,86,90,7.05,US,1603824559
Sitka,57.05,-135.33,44.6,87,90,4.7,US,1603824563
Mabaruma,8.2,-59.78,87.24,56,4,7.07,GY,1603824566
Tsimmerbude,54.67,20.13,53.6,87,75,4.47,RU,1603824569
Brae,60.4,-1.35,50.0,71,75,10.29,GB,1603824572
Port Keats,-14.25,129.55,79.16,73,2,2.51,AU,1603824575
Bubaque,11.28,-15.83,83.62,78,6,10.74,GW,1603824578
Port Lincoln,-34.73,135.87,55.11,85,0,5.08,AU,1603824581
Mocuba,-16.84,36.99,74.71,79,0,5.68,MZ,1603824584
Ahipara,-35.17,173.17,60.73,85,78,3.0,NZ,1603824588
Fortuna,40.6,-124.16,64.4,34,1,6.11,US,1603824484
Chitipa,-9.7,33.27,68.47,64,10,6.22,MW,1603824594
Daru,-9.08,143.21,79.14,87,100,7.23,PG,1603824597
Kainantu,-6.29,145.87,59.47,93,100,1.5,PG,1603824600
Ladário,-19.0,-57.6,86.0,58,75,2.24,BR,1603824362
Emerald,-23.53,148.17,64.4,100,0,6.98,AU,1603824606
Cristalina,-16.77,-47.61,77.9,65,74,7.18,BR,1603824609
Paris,48.85,2.35,55.4,100,90,14.99,FR,1603824417
Sagua de Tánamo,20.58,-75.24,88.7,56,0,10.04,CU,1603824616
Guerrero Negro,27.98,-114.06,74.28,19,0,19.42,MX,1603824619
Marawi,8.0,124.29,75.0,89,100,5.99,PH,1603824622
Ulundi,-28.34,31.42,73.89,67,100,4.9,ZA,1603824625
Mahébourg,-20.41,57.7,71.01,77,3,1.99,MU,1603824628
Castro,-24.79,-50.01,77.4,41,0,7.61,BR,1603824632
Los Llanos de Aridane,28.66,-17.92,71.6,68,75,11.41,ES,1603824635
San Patricio,28.02,-97.52,62.6,82,90,14.99,US,1603824638
Lagoa,39.05,-27.98,62.96,66,100,11.63,PT,1603824641
São Raimundo Nonato,-9.02,-42.7,74.75,90,100,4.92,BR,1603824644
Vila do Maio,15.13,-23.22,86.0,51,100,9.17,CV,1603824647
Meulaboh,4.14,96.13,76.06,88,64,4.0,ID,1603824650
Vanderhoof,54.02,-124.02,43.5,91,100,5.14,CA,1603824653
Amuntai,-2.42,115.25,74.14,95,100,1.32,ID,1603824656
Muros,42.78,-9.06,59.0,93,100,3.0,ES,1603824659
Bud,39.45,-86.18,46.99,93,90,3.24,US,1603824663
Port Elizabeth,-33.92,25.57,62.6,93,20,9.17,ZA,1603824666
Torbay,47.67,-52.73,42.8,100,90,6.93,CA,1603824669
Eureka,40.8,-124.16,64.4,58,1,3.36,US,1603824552
Gizo Government Station,-8.1,156.84,82.29,78,84,9.26,SB,1603824675
Sweetwater,25.76,-80.37,88.0,58,40,14.99,US,1603824678
Bodden Town,19.28,-81.25,86.0,78,100,11.99,KY,1603824681
Nuuk,64.18,-51.72,26.6,73,20,3.36,GL,1603824684
Tiksi,71.69,128.87,0.45,91,56,9.04,RU,1603824688
Kaeo,-35.1,173.78,61.0,95,94,2.13,NZ,1603824607
Port Moresby,-9.44,147.18,77.0,88,75,5.82,PG,1603824694
Río Gallegos,-51.62,-69.22,48.2,42,40,20.8,AR,1603824697
Upernavik,72.79,-56.15,17.46,83,0,5.91,GL,1603824700
Uyskoye,54.38,60.0,27.0,92,83,7.36,RU,1603824703
San Cristobal,7.77,-72.22,78.89,67,89,0.98,VE,1603824706
Evanston,42.04,-87.69,36.0,74,90,4.7,US,1603824433
Paso de Carrasco,-34.86,-56.05,66.2,59,20,11.41,UY,1603824712
Vao,-22.67,167.48,72.52,82,99,18.39,NC,1603824716
Sabang,5.89,95.32,82.09,76,99,18.9,ID,1603824719
Ancud,-41.87,-73.82,53.6,62,75,18.34,CL,1603824722
Gravdal,68.12,13.5,35.6,93,20,1.12,NO,1603824725
Itarema,-2.92,-39.92,83.26,67,1,15.1,BR,1603824728
Ugra,54.78,34.33,45.16,82,38,7.49,RU,1603824731
Laguna,38.42,-121.42,68.0,32,0,1.01,US,1603824734
Celestún,20.87,-90.4,80.47,85,100,17.72,MX,1603824737
Codrington,-38.27,141.97,46.98,93,67,5.44,AU,1603824740
Mtwara,-10.27,40.18,77.0,78,40,6.93,TZ,1603824743
Kapiri Mposhi,-13.97,28.68,76.71,35,71,6.8,ZM,1603824747
Sept-Îles,50.2,-66.38,35.01,74,40,9.17,CA,1603824642
Rosarito,32.33,-117.03,71.6,13,5,8.05,MX,1603824753
Vestmannaeyjar,63.44,-20.27,41.9,73,31,35.86,IS,1603824756
Dīdwāna,27.4,74.57,68.04,23,0,5.84,IN,1603824759
Balsas,-7.53,-46.04,86.68,54,100,6.76,BR,1603824702
Rome,43.21,-75.46,45.0,75,90,3.36,US,1603824605
Panacan,9.25,118.41,77.0,94,90,4.7,PH,1603824768
Coquimbo,-29.95,-71.34,60.8,63,20,11.41,CL,1603824562
Dingle,11.0,122.67,76.08,87,89,4.21,PH,1603824767
Ayan,56.45,138.17,34.61,85,95,8.86,RU,1603824778
Klaksvík,62.23,-6.59,42.8,75,76,13.87,FO,1603824781
Portland,45.52,-122.68,51.01,65,0,1.34,US,1603824490
Vardø,70.37,31.11,37.4,86,75,13.87,NO,1603824787
Beloha,-25.17,45.05,70.74,82,1,13.78,MG,1603824790
Lavrentiya,65.58,-171.0,30.22,95,100,9.17,RU,1603824793
Kem',64.96,34.58,48.13,90,100,14.83,RU,1603824796
Tamala,52.54,43.25,35.38,82,69,10.18,RU,1603824799
Hervey Bay,-25.3,152.85,68.0,100,90,6.93,AU,1603824803
Haines Junction,60.75,-137.51,30.61,89,22,2.93,CA,1603824806
Carrefour,18.54,-72.4,93.2,44,20,6.93,HT,1603824809
Kirakira,-10.45,161.92,79.09,82,81,6.93,SB,1603824812
Bekwai,6.45,-1.58,74.26,91,100,3.53,GH,1603824815
Flin Flon,54.77,-101.86,28.4,86,90,4.7,CA,1603824818
Vestmanna,62.16,-7.17,42.8,75,91,13.87,FO,1603824821
Muroto-misakicho,33.28,134.15,66.25,71,97,5.7,JP,1603824824
Mehamn,71.04,27.85,35.6,86,0,8.05,NO,1603824828
Touros,-5.2,-35.46,84.2,62,20,16.11,BR,1603824831
Masuri,35.85,128.15,55.4,66,75,2.24,KR,1603824834
Airai,-8.93,125.41,60.96,100,25,0.83,TL,1603824837
Basse,52.55,9.51,52.0,71,75,12.75,DE,1603824840
Soyo,-6.13,12.37,77.45,86,16,10.63,AO,1603824843
Mnogovershinnyy,53.94,139.92,27.95,98,33,1.19,RU,1603824846
Namatanai,-3.67,152.43,78.89,79,44,2.13,PG,1603824745
Chadiza,-14.07,32.44,74.48,42,10,4.94,ZM,1603824853
Nanortalik,60.14,-45.24,30.92,89,100,3.96,GL,1603824772
Netanya,32.33,34.86,78.8,74,40,3.36,IL,1603824859
Meleuz,52.97,55.92,29.59,92,0,7.18,RU,1603824862
Okha,53.57,142.95,36.75,85,96,3.15,RU,1603824865
Waingapu,-9.66,120.26,79.21,76,100,3.76,ID,1603824868
Miramar,25.99,-80.23,89.6,59,1,16.11,US,1603824871
Dunedin,-45.87,170.5,48.99,79,0,8.99,NZ,1603824770
Atar,20.52,-13.05,90.9,15,0,11.92,MR,1603824877
Gamba,-2.65,10.0,77.76,85,100,6.53,GA,1603824881
Micomeseng,2.15,10.62,70.9,99,100,3.22,GQ,1603824884
Mossamedes,-15.2,12.15,70.18,80,85,7.52,AO,1603824887
Bonavista,48.65,-53.11,39.99,81,100,8.01,CA,1603824890
Luganville,-15.53,167.17,77.0,78,40,3.36,VU,1603824893
Pandan,14.05,124.17,78.28,82,69,4.07,PH,1603824896
Carnot,4.94,15.87,71.31,90,97,0.45,CF,1603824900
Laas,46.62,10.7,42.01,80,5,3.36,IT,1603824903
Loíza,18.43,-65.88,87.8,66,40,17.22,PR,1603824615
Bonthe,7.53,-12.51,81.32,79,98,5.84,SL,1603824909
Tremedal,-14.98,-41.41,84.15,61,96,5.35,BR,1603824912
Vila Franca do Campo,37.72,-25.43,64.4,68,75,8.05,PT,1603824915
Bilibino,68.05,166.44,-1.53,90,94,1.61,RU,1603824789
Yumen,40.28,97.2,41.05,62,100,5.97,CN,1603824921
Zhuanghe,39.7,122.99,46.11,52,87,6.62,CN,1603824924
Krasnorechenskiy,44.63,135.35,36.18,86,12,1.1,RU,1603824927
Moniquirá,5.88,-73.57,74.25,65,86,4.16,CO,1603824931
Angren,41.02,70.14,50.0,44,100,4.03,UZ,1603824934
Iralaya,15.0,-83.23,83.75,74,100,10.07,HN,1603824937
Karratha,-20.74,116.85,66.72,89,88,1.23,AU,1603824903
Macaé,-22.37,-41.79,78.8,78,0,8.05,BR,1603824665
Lufilufi,-13.87,-171.6,78.8,88,20,4.7,WS,1603824946
Agirish,61.92,63.02,20.7,94,96,4.27,RU,1603824949
Soldotna,60.49,-151.06,30.99,92,1,4.27,US,1603824952
Virden,39.5,-89.77,41.0,92,27,1.01,US,1603824955
Omsukchan,62.53,155.8,7.56,81,4,1.45,RU,1603824959
Kalmunai,7.42,81.82,79.9,79,79,4.18,LK,1603824819
Beringovskiy,63.05,179.32,27.21,92,94,11.77,RU,1603824965
Salalah,17.02,54.09,80.6,65,20,4.7,OM,1603824923
Kavieng,-2.57,150.8,81.84,69,100,2.33,PG,1603824725
Rocha,-34.48,-54.33,60.76,81,100,11.81,UY,1603824921
Tiznit Province,29.58,-9.5,62.98,69,0,4.38,MA,1603824977
Mandera,3.94,41.87,81.84,66,46,16.67,KE,1603824980
Catia La Mar,10.6,-67.03,85.1,67,78,8.79,VE,1603824983
Hamilton,39.18,-84.53,54.0,81,90,3.09,US,1603824954
Aykhal,66.0,111.5,-10.26,88,69,4.88,RU,1603824990
Letlhakane,-21.42,25.58,83.23,18,11,14.25,BW,1603824993
Hualmay,-11.1,-77.61,69.28,69,100,9.66,PE,1603824932
Anjozorobe,-18.4,47.87,60.8,93,75,6.93,MG,1603824999
Champerico,14.3,-91.92,87.8,62,40,4.7,GT,1603825002
Tateyama,34.98,139.87,60.8,77,40,8.05,JP,1603824963
Barañáin,42.81,-1.68,55.4,71,75,4.7,ES,1603825008
Kapoeta,4.77,33.59,81.72,52,0,6.4,SS,1603825011
Hobyo,5.35,48.53,79.9,79,11,10.2,SO,1603824816
Mīnāb,27.15,57.08,71.6,73,0,6.93,IR,1603825018
Grindavik,63.84,-22.43,41.0,56,0,27.51,IS,1603824919
Takanabe,32.13,131.5,60.6,84,61,4.12,JP,1603825024
Nālūt,30.33,10.85,63.93,36,0,10.63,LY,1603825027
Panshi,42.94,126.06,32.85,83,0,5.57,CN,1603825030
Balkhash,46.84,74.98,36.86,70,0,20.85,KZ,1603825033
Affery,6.32,-3.96,74.61,95,100,2.64,CI,1603825036
Nome,64.5,-165.41,30.2,86,90,3.33,US,1603824734
Gornyak,50.99,81.47,40.82,64,100,16.84,RU,1603825043
Vanimo,-2.67,141.3,77.94,78,100,2.55,PG,1603824924
Sinnamary,5.38,-52.95,84.87,67,59,11.77,GF,1603824950
Lastoursville,-0.81,12.73,75.45,91,100,1.41,GA,1603825052
Kailua,21.4,-157.74,78.8,83,20,3.36,US,1603825055
San Miguel de Cozumel,20.51,-86.95,84.2,70,90,9.17,MX,1603824781
Conakry,9.54,-13.68,82.89,80,90,8.75,GN,1603825061
Talcahuano,-36.72,-73.12,60.8,51,20,12.75,CL,1603825064
Sooke,48.37,-123.73,48.0,93,100,1.68,CA,1603825068
Yichun,47.7,128.9,28.2,94,0,3.06,CN,1603825071
Noumea,-22.28,166.46,68.0,72,0,6.93,NC,1603825061
Inuvik,68.35,-133.72,12.2,85,90,2.24,CA,1603824822
Petropavlovka,50.61,105.32,30.07,85,0,3.02,RU,1603825080
Huarmey,-10.07,-78.15,69.82,68,100,10.78,PE,1603825083
San Quintín,30.48,-115.95,70.41,22,0,5.79,MX,1603824964
Sertânia,-8.07,-37.26,83.14,49,100,0.94,BR,1603825089
Davila,18.47,120.58,80.6,94,75,2.24,PH,1603825093
Mokshan,53.44,44.61,36.0,53,77,7.67,RU,1603825096
Mayo,38.89,-76.51,64.99,72,90,4.7,US,1603825099
Halifax,44.65,-63.57,46.99,87,90,11.41,CA,1603824809
Azle,32.9,-97.55,37.0,100,90,12.75,US,1603825024
San Roque,36.21,-5.38,66.2,52,0,14.99,ES,1603825108
Wervik,50.81,3.06,53.01,91,100,11.99,BE,1603825111
Dorado,18.46,-66.27,87.8,66,75,18.34,PR,1603825114
Kumbo,6.2,10.67,61.14,91,13,3.13,CM,1603825117
Arrondissement de Saint-Denis,48.92,2.33,55.4,93,90,18.34,FR,1603825121
Kyren,51.68,102.14,32.81,85,7,3.62,RU,1603825124
Oktyabr'skoye,43.06,44.74,51.8,93,9,8.95,RU,1603825127
Koungou,-12.73,45.2,78.8,78,0,4.7,YT,1603825130
Khani,41.96,42.96,71.6,37,0,23.04,GE,1603824926
Kamenka,51.32,42.77,37.0,71,100,11.52,RU,1603824931
Saint-Augustin,51.23,-58.65,36.16,75,52,1.72,CA,1603824935
Tual,-5.67,132.75,83.1,74,100,9.08,ID,1603825143
Russkiy Kameshkir,52.86,46.09,32.23,90,94,6.17,RU,1603825146
Bandarbeyla,9.49,50.81,76.19,83,19,10.83,SO,1603824922
Sørkjosen,69.8,20.93,28.4,79,0,13.87,NO,1603825152
Seoul,37.57,126.98,57.2,93,90,4.03,KR,1603824655
Yulara,-25.24,130.99,62.6,29,0,6.93,AU,1603825116
Pombas,17.15,-25.02,80.6,74,75,24.16,CV,1603825073
Oriximiná,-1.77,-55.87,92.89,48,100,3.58,BR,1603824966
Esperance,-33.87,121.9,53.6,100,75,5.82,AU,1603824909
Mattru,7.62,-11.83,77.45,93,100,3.11,SL,1603825170
Harper,4.38,-7.72,78.03,88,98,7.61,LR,1603825061
Loreto,22.27,-101.97,77.61,25,99,11.63,MX,1603825177
Olinda,-8.01,-34.86,84.2,66,40,13.87,BR,1603825180
Tromsø,69.65,18.96,32.0,86,0,10.29,NO,1603825183
Kalmar,56.66,16.36,51.01,93,58,8.05,SE,1603825186
Trairi,-3.28,-39.27,83.01,67,74,11.92,BR,1603825189
Lyngseidet,69.58,20.22,32.0,79,0,13.87,NO,1603825192
Jiuquan,39.74,98.52,39.78,68,94,5.61,CN,1603825073
Dom Pedro,-4.48,-44.45,93.38,45,48,3.18,BR,1603825199
Malindi,-3.22,40.12,78.57,84,0,11.68,KE,1603825202
Burnie,-41.07,145.92,52.0,69,100,5.01,AU,1603824701
Mmabatho,-25.85,25.63,75.2,36,0,6.93,ZA,1603825209
Praia,14.92,-23.51,86.0,51,90,9.17,CV,1603825206
Allāpalli,19.42,80.07,69.71,74,10,2.62,IN,1603825216
Corrente,-3.74,-43.34,91.31,44,100,4.47,BR,1603825219
Caborca,30.58,-111.1,59.0,19,0,3.0,MX,1603825222
Walvis Bay,-22.96,14.51,60.8,72,0,5.82,NA,1603825111
Larsnes,62.2,5.58,46.0,93,75,5.82,NO,1603825229
Inverness,57.48,-4.22,46.99,93,75,3.36,GB,1603825232
Ojinaga,29.57,-104.42,41.0,65,90,10.29,MX,1603825235
Örnsköldsvik,63.29,18.72,44.6,100,90,9.17,SE,1603825238
Tandaltī,13.02,31.87,92.77,22,0,8.88,SD,1603825241
San Francisco,37.77,-122.42,75.2,19,20,3.36,US,1603825024
Half Moon Bay,37.46,-122.43,71.6,24,5,10.29,US,1603824891
Garoowe,8.41,48.48,76.14,57,3,14.81,SO,1603825250
Pocatello,42.87,-112.45,41.0,34,20,9.17,US,1603825253
Tawang Town,27.58,91.87,41.52,50,0,6.02,IN,1603825084
Cochrane,51.18,-114.47,55.4,46,40,21.92,CA,1603825048
Ambilobe,-13.2,49.05,73.94,84,2,2.44,MG,1603824849
Uruçuí,-7.23,-44.56,90.3,47,100,4.5,BR,1603825266
Bethel,41.37,-73.41,57.2,50,1,6.93,US,1603824918
Tila,17.4,-92.48,84.2,62,75,5.17,MX,1603825272
Tignère,7.37,12.65,67.66,66,0,1.32,CM,1603825275
Simbahan,6.3,120.58,83.25,75,100,7.47,PH,1603824912
Garden City,42.33,-83.33,43.0,86,90,6.93,US,1603825282
Santa Cruz de la Sierra,-17.8,-63.17,87.8,48,20,8.05,BO,1603825094
General Bravo,25.8,-99.17,60.82,44,71,19.77,MX,1603825288
Estelle,29.85,-90.11,82.4,88,90,8.05,US,1603825291
Kupang,-10.17,123.58,79.7,79,31,4.97,ID,1603825294
Smoky Lake,54.12,-112.47,45.0,86,100,7.0,CA,1603825297
Zhangye,38.93,100.45,38.1,74,43,4.45,CN,1603825300
Santa Cruz,30.42,-9.6,66.2,77,0,10.29,MA,1603825304
Marand,38.43,45.77,53.6,40,84,4.7,IR,1603825307
Silvassa,20.27,73.02,75.38,59,0,3.44,IN,1603825310
Beya,53.05,90.91,36.72,76,96,4.7,RU,1603825313
Ruska Poliana,49.42,31.92,52.05,69,0,8.9,UA,1603825317
Riviere-au-Renard,49.0,-64.4,35.6,69,75,11.41,CA,1603825320
Esmeralda,21.85,-78.12,87.8,66,40,13.87,CU,1603825323
Dawson Creek,55.77,-120.24,50.0,65,40,19.46,CA,1603825241
Wilmington,34.23,-77.94,78.8,54,20,3.36,US,1603825225
Salinópolis,-0.61,-47.36,84.97,66,100,11.41,BR,1603825121
Caravelas,-17.71,-39.25,79.75,77,88,7.45,BR,1603824789
Port Blair,11.67,92.75,79.68,77,42,2.91,IN,1603824963
Tonota,-21.48,27.48,77.0,27,0,5.82,BW,1603825342
Dolisie,-4.2,12.67,73.89,92,92,7.87,CG,1603825345
San Jeronimito,17.55,-101.33,93.2,59,75,9.17,MX,1603825348
Bantry,51.68,-9.45,48.2,76,20,18.34,IE,1603825351
Port Hawkesbury,45.62,-61.35,45.0,87,90,14.99,CA,1603824955
Kiama,-34.68,150.87,57.0,95,81,1.99,AU,1603825357
Srednekolymsk,67.45,153.68,14.77,89,100,3.58,RU,1603825113
Petropavlovsk-Kamchatskiy,53.05,158.65,30.2,100,74,4.47,RU,1603824968
Kirensk,57.79,108.11,24.58,97,100,2.37,RU,1603825367
Obo,5.4,26.49,69.73,94,100,5.41,CF,1603825370
Jasper,37.2,-94.35,35.01,99,90,9.17,US,1603825307
Areia Branca,-4.96,-37.14,93.2,44,20,16.11,BR,1603824959
Mungaoli,24.42,78.1,72.1,35,0,5.12,IN,1603825379
Nizhnyaya Tavda,57.67,66.17,21.34,96,92,12.17,RU,1603825382
Marfino,55.7,37.38,45.0,81,0,6.71,RU,1603825385
Wajima,37.4,136.9,59.07,49,97,2.46,JP,1603825389
Lagos,6.58,3.75,77.4,90,32,5.23,NG,1603825392
Northam,51.03,-4.22,55.99,78,0,15.99,GB,1603825395
Buin,-33.73,-70.75,64.99,47,90,4.7,CL,1603825398
Lerwick,60.15,-1.15,50.0,71,75,10.29,GB,1603825128
Grand-Lahou,5.14,-5.02,78.85,85,94,8.16,CI,1603825404
Krasnosel'kup,65.7,82.47,-1.07,88,0,12.8,RU,1603825082
Acapulco de Juárez,16.86,-99.89,84.2,79,90,5.39,MX,1603824849
São João da Barra,-21.64,-41.05,86.0,58,20,13.87,BR,1603824911
Owando,-0.48,15.9,73.92,94,100,1.05,CG,1603825416
Kazanka,47.85,32.82,48.2,76,0,4.47,UA,1603825420
Ekhabi,53.51,142.97,35.94,87,95,2.98,RU,1603825423
Pekan Nenas,1.51,103.51,80.01,94,20,2.73,MY,1603825426
Smithers,54.78,-127.17,35.6,100,75,4.7,CA,1603824967
Kidal,18.44,1.41,85.05,13,0,10.58,ML,1603824962
Playas,-2.63,-80.38,74.34,75,48,13.44,EC,1603825435
New Philadelphia,40.49,-81.45,50.0,81,90,1.12,US,1603825438
Ilulissat,69.22,-51.1,19.4,67,75,2.24,GL,1603824944
Tonekābon,36.82,50.87,66.2,88,75,2.24,IR,1603825221
Leningradskiy,69.38,178.42,18.1,90,0,19.22,RU,1603824947
Cruzeiro do Sul,-29.51,-51.99,70.0,84,30,1.01,BR,1603825451
Fochabers,57.61,-3.1,46.99,93,90,3.36,GB,1603825454
Khāsh,28.22,61.22,49.23,39,0,3.15,IR,1603825457
Atbasar,51.8,68.33,28.62,93,97,22.64,KZ,1603825460
Ipixuna,-1.76,-48.8,84.2,79,40,10.29,BR,1603825463
Sassandra,4.95,-6.08,77.79,86,13,5.88,CI,1603825466
Tolaga Bay,-38.37,178.3,53.51,87,100,8.41,NZ,1603825470
Sydney,-33.87,151.21,57.2,87,75,8.05,AU,1603825473
Klyuchi,52.27,79.17,35.17,79,19,19.1,RU,1603825476
San Jose,37.34,-121.89,73.99,19,0,3.22,US,1603825407
Kaitangata,-46.28,169.85,42.8,89,12,2.13,NZ,1603824772
Ukiah,39.15,-123.21,75.99,25,1,3.36,US,1603825068
Clyde River,70.47,-68.59,14.0,61,75,6.93,CA,1603824933
